userPhone,userFormStatus,userFullname,userLeadId,userForm,userPictureUrl
5345435,Completed,yess,5a535f4b-0daa-48f5-9554-1957d0690b9f,FORM10,http://10.0.88.176/api/images?path=uploads%2Fusers%2F5a535f4b-0daa-48f5-9554-1957d0690b9f%2Fimages%2F4ddcdd67-7029-486b-896b-7b2e397dda7a%2Fdownload.png
4234234,Completed,Naaa,5a535f4b-0daa-48f5-9554-1957d0690b9f,FORM10,
646464645,Completed,Mochana,5a535f4b-0daa-48f5-9554-1957d0690b9f,FORM10,

55635435,Completed,Liu Su,794cc8a7-7289-4bf3-84ea-bf0a954c8d37,FORM10,
6236456456,Completed,Concola,5a535f4b-0daa-48f5-9554-1957d0690b9f,FORM10,
5346353,Completed,Maca,5a535f4b-0daa-48f5-9554-1957d0690b9f,FORM10,
87323124,Completed,Con Ca La,5a535f4b-0daa-48f5-9554-1957d0690b9f,FORM10,
83242575,Completed,Cun Cha Ga,5a535f4b-0daa-48f5-9554-1957d0690b9f,FORM10,
,Inputing,Yah Ho,794cc8a7-7289-4bf3-84ea-bf0a954c8d37,,
652323123,Completed,Min Min,5a535f4b-0daa-48f5-9554-1957d0690b9f,FORM10,http://10.0.88.176/api/images?path=uploads%2Fusers%2F5a535f4b-0daa-48f5-9554-1957d0690b9f%2Fimages%2F696d9f95-a075-46ba-ba9c-153bacaf95e6%2F111.png